col1,col2,col3,col4,col5,col6,col7,color
0.5844795117,0.1051467741,0.2593215492,0.3448131429,0.2880218348,0.09365052334,,green
0.3560679122,0.7588408606,0.3071539777,0.6569108381,0.5329974191,0.6994455968,0.06124531641,yellow
,0.62678172,0.05949372612,0.03015014972,0.343137723,0.05964221363,0.2265528801,red
0.01383808465,0.3059996245,0.4997466477,0.8453128187,0.4028731361,0.9400311973,0.06192985852,green
0.01272229291,0.7330434679,0.8228532712,0.05945946928,0.7779483695,,0.3479375064,yellow
,0.7780323462,0.01076345495,0.7877633192,0.3943979006,0.7525614279,0.7299062251,yellow
0.8314533515,0.4336850694,0.5389555013,0.1793825885,0.4863202854,0.1626699923,0.1882614959,yellow
0.9800532514,0.1738409027,0.4463361287,0.9249816653,0.3100885157,0.9194026887,0.3714044692,green
0.3961916144,0.1380416215,0.4022385743,0.1140712635,0.2701400979,0.1435275092,0.5128786669,green